{
  "lang":"en",
  "name":"pipeline",
  "version":"0.0.0",
  "spacy_version":">=3.5.3,<3.6.0",
  "description":"",
  "author":"",
  "email":"",
  "url":"",
  "license":"",
  "spacy_git_version":"Unknown",
  "vectors":{
    "width":0,
    "vectors":0,
    "keys":0,
    "name":null,
    "mode":"default"
  },
  "labels":{
    "tok2vec":[

    ],
    "ner":[
      "DATE",
      "INSTITUTE",
      "NAME",
      "ORGANISATION",
      "PRIZE"
    ]
  },
  "pipeline":[
    "tok2vec",
    "ner"
  ],
  "components":[
    "tok2vec",
    "ner"
  ],
  "disabled":[

  ],
  "performance":{
    "ents_f":0.9412590686,
    "ents_p":0.9303724266,
    "ents_r":0.9524035046,
    "ents_per_type":{
      "NAME":{
        "p":0.9246458924,
        "r":0.9516034985,
        "f":0.9379310345
      },
      "DATE":{
        "p":0.9440559441,
        "r":0.9551886792,
        "f":0.9495896835
      },
      "INSTITUTE":{
        "p":0.9263392857,
        "r":0.9485714286,
        "f":0.937323546
      },
      "ORGANISATION":{
        "p":0.9372937294,
        "r":0.9554247267,
        "f":0.9462723865
      },
      "PRIZE":{
        "p":0.9047619048,
        "r":0.95,
        "f":0.9268292683
      }
    },
    "tok2vec_loss":556.2513678707,
    "ner_loss":3798.8703873036
  }
}