{
  "lang":"en",
  "name":"pipeline",
  "version":"0.0.0",
  "spacy_version":">=3.5.3,<3.6.0",
  "description":"",
  "author":"",
  "email":"",
  "url":"",
  "license":"",
  "spacy_git_version":"Unknown",
  "vectors":{
    "width":0,
    "vectors":0,
    "keys":0,
    "name":null,
    "mode":"default"
  },
  "labels":{
    "tok2vec":[

    ],
    "ner":[
      "DATE",
      "INSTITUTE",
      "NAME",
      "ORGANISATION",
      "PRIZE"
    ]
  },
  "pipeline":[
    "tok2vec",
    "ner"
  ],
  "components":[
    "tok2vec",
    "ner"
  ],
  "disabled":[

  ],
  "performance":{
    "ents_f":0.923510811,
    "ents_p":0.9001999334,
    "ents_r":0.9480610633,
    "ents_per_type":{
      "INSTITUTE":{
        "p":0.9032012195,
        "r":0.95951417,
        "f":0.9305064782
      },
      "ORGANISATION":{
        "p":0.8755434783,
        "r":0.9543838863,
        "f":0.9132653061
      },
      "NAME":{
        "p":0.9107838891,
        "r":0.9417823556,
        "f":0.9260237781
      },
      "DATE":{
        "p":0.9326923077,
        "r":0.9291187739,
        "f":0.9309021113
      },
      "PRIZE":{
        "p":0.9047619048,
        "r":0.9047619048,
        "f":0.9047619048
      }
    },
    "tok2vec_loss":781.6583029158,
    "ner_loss":5442.4124917776
  }
}