{
  "lang":"en",
  "name":"pipeline",
  "version":"0.0.0",
  "spacy_version":">=3.5.3,<3.6.0",
  "description":"",
  "author":"",
  "email":"",
  "url":"",
  "license":"",
  "spacy_git_version":"Unknown",
  "vectors":{
    "width":0,
    "vectors":0,
    "keys":0,
    "name":null,
    "mode":"default"
  },
  "labels":{
    "tok2vec":[

    ],
    "ner":[
      "DATE",
      "INSTITUTE",
      "NAME",
      "ORGANISATION",
      "PRIZE"
    ]
  },
  "pipeline":[
    "tok2vec",
    "ner"
  ],
  "components":[
    "tok2vec",
    "ner"
  ],
  "disabled":[

  ],
  "performance":{
    "ents_f":0.9430944325,
    "ents_p":0.9416461916,
    "ents_r":0.9445471349,
    "ents_per_type":{
      "NAME":{
        "p":0.9534005038,
        "r":0.9510050251,
        "f":0.9522012579
      },
      "DATE":{
        "p":0.9537815126,
        "r":0.949790795,
        "f":0.9517819706
      },
      "INSTITUTE":{
        "p":0.9290540541,
        "r":0.9290540541,
        "f":0.9290540541
      },
      "ORGANISATION":{
        "p":0.9131944444,
        "r":0.9359430605,
        "f":0.9244288225
      },
      "PRIZE":{
        "p":0.9166666667,
        "r":1.0,
        "f":0.9565217391
      }
    },
    "tok2vec_loss":458.6683231341,
    "ner_loss":2934.5700597723
  }
}